Number of cores,Wall clock time,Speed-up vs the first one,Number of nodes,Number of processes
1,13.000792,1.000000,1,1
2,13.068295,0.994835,1,2
4,13.285875,0.978542,1,4
8,13.521930,0.961460,1,8
16,14.406653,0.902416,1,16
32,16.447912,0.790422,1,32
64,18.601050,0.698928,1,64
96,20.746762,0.626642,1,96
128,23.427692,0.554933,1,128
