Number of cores,Wall clock time,Speed-up vs the first one,Number of nodes,Number of processes
1,45.545340,1.000000,1,1
2,24.406305,1.866130,1,1
4,13.492757,3.375540,1,1
8,8.070338,5.643548,1,1
16,5.868289,7.761264,1,1
32,4.406899,10.335009,1,1
64,4.524909,10.065471,1,1
96,4.673565,9.745310,1,1
128,4.706021,9.678100,1,1
